matrix_id,score_name
1,Technological Robustness 
2,Market Reputation
3,Cost Analysis
4,Innovative Features
5,Regulatory Compliance
6,Ecosystem Synergy
7,Vendor Support and Maintenance
8,Customizability and Adaptability
9,Command & Control Center
10,Data Privacy and Security
11,Communication & Capacity Building Capabilities
12,Vendor Financial Stability
13,Overall Vendor
14,Technical Capabilities and Product Readiness
15,"Product Functions, Features, and Compliance"
16,User Experience and Interface
17,Scalability and Performance
18,Security Incident and Event Management (SIEM)
19,Integration Capabilities
20,Disaster Recovery and Business Continuity
21,Customer Satisfaction and References
22,Chavanette Accreditation
